,PC1,PC2,PC3,PC4
MF_Microglia_CNS,-89.2436424652567,56.088789641281,0.0883666174478344,6.05631529525437e-13
MF_F480hi_LV,-49.8837274402685,-74.5709739274621,0.0503097151581828,6.30068732444485e-13
LAAM_a,69.2198695853944,9.23977489574336,-29.2167142669254,6.64917379959872e-13
LAAM_b,69.907500320132,9.24240939043817,29.0780379343196,6.09879918987114e-13

